<?xml version="1.0" encoding="UTF-8"?>
<!DOCTYPE hibernate-configuration 
PUBLIC "-//Hibernate/Hibernate Configuration DTD 3.0//EN" "http://hibernate.sourceforge.net/hibernate-configuration-3.0.dtd"> 

<hibernate-configuration>  
  
    <session-factory>  
  
        <!-- Database connection settings -->  
        <property name="connection.driver_class">org.sqlite.JDBC</property>  
        <property name="connection.url">jdbc:sqlite:src//database//mongo.db</property>  
        <property name="connection.username"></property>  
        <property name="connection.password"></property>  
  
        <!-- JDBC connection pool (use the built-in) -->  
        <property name="connection.pool_size">1</property>  
  
        <!-- SQL dialect -->  
        <property name="dialect">com.gurn.bmanager.sqllite.utils.SQLiteDialect</property>  
  
        <!-- Echo all executed SQL to stdout -->  
        <property name="show_sql">true</property>  
  		<property name="format_sql">true</property>
  
  		<property name="current_session_context_class">thread</property>
  		
        <mapping class="com.gurn.bmanager.beans.Bet"></mapping>  
  
    </session-factory>  
  
</hibernate-configuration> 
